"When deadly beasts attack from the forest, it is up to a grizzled veteran to uncover what the residents of a secluded retirement community are hiding.",'World cinema'
"In a world of vampires, an expert vampire hunter and his young protégé travel toward sanctuary.",'World cinema'
"When deadly beasts attack from the forest, it is up to a grizzled veteran to uncover what the residents of a secluded retirement community are hiding.",'World cinema'
"In a world of vampires, an expert vampire hunter and his young protégé travel toward sanctuary.",'World cinema'
"When deadly beasts attack from the forest, it is up to a grizzled veteran to uncover what the residents of a secluded retirement community are hiding.",'World cinema'
"In a world of vampires, an expert vampire hunter and his young protégé travel toward sanctuary.",'World cinema'
"When deadly beasts attack from the forest, it is up to a grizzled veteran to uncover what the residents of a secluded retirement community are hiding.",'World cinema'
"In a world of vampires, an expert vampire hunter and his young protégé travel toward sanctuary.",'World cinema'
"When deadly beasts attack from the forest, it is up to a grizzled veteran to uncover what the residents of a secluded retirement community are hiding.",'World cinema'
"In a world of vampires, an expert vampire hunter and his young protégé travel toward sanctuary.",'World cinema'
"When deadly beasts attack from the forest, it is up to a grizzled veteran to uncover what the residents of a secluded retirement community are hiding.",'World cinema'
"When deadly beasts attack from the forest, it is up to a grizzled veteran to uncover what the residents of a secluded retirement community are hiding.",'World cinema'
"In a world of vampires, an expert vampire hunter and his young protégé travel toward sanctuary.",'World cinema'
"When deadly beasts attack from the forest, it is up to a grizzled veteran to uncover what the residents of a secluded retirement community are hiding.",'World cinema'
"When deadly beasts attack from the forest, it is up to a grizzled veteran to uncover what the residents of a secluded retirement community are hiding.",'World cinema'
"In a world of vampires, an expert vampire hunter and his young protégé travel toward sanctuary.",'World cinema'
"When deadly beasts attack from the forest, it is up to a grizzled veteran to uncover what the residents of a secluded retirement community are hiding.",'World cinema'
"When deadly beasts attack from the forest, it is up to a grizzled veteran to uncover what the residents of a secluded retirement community are hiding.",'World cinema'
"In a world of vampires, an expert vampire hunter and his young protégé travel toward sanctuary.",'World cinema'
"When deadly beasts attack from the forest, it is up to a grizzled veteran to uncover what the residents of a secluded retirement community are hiding.",'World cinema'
"When deadly beasts attack from the forest, it is up to a grizzled veteran to uncover what the residents of a secluded retirement community are hiding.",'World cinema'
"In a world of vampires, an expert vampire hunter and his young protégé travel toward sanctuary.",'World cinema'
"When deadly beasts attack from the forest, it is up to a grizzled veteran to uncover what the residents of a secluded retirement community are hiding.",'World cinema'
"When deadly beasts attack from the forest, it is up to a grizzled veteran to uncover what the residents of a secluded retirement community are hiding.",'World cinema'
"In a world of vampires, an expert vampire hunter and his young protégé travel toward sanctuary.",'World cinema'
"When deadly beasts attack from the forest, it is up to a grizzled veteran to uncover what the residents of a secluded retirement community are hiding.",'World cinema'
"When deadly beasts attack from the forest, it is up to a grizzled veteran to uncover what the residents of a secluded retirement community are hiding.",'World cinema'
"In a world of vampires, an expert vampire hunter and his young protégé travel toward sanctuary.",'World cinema'
"When deadly beasts attack from the forest, it is up to a grizzled veteran to uncover what the residents of a secluded retirement community are hiding.",'World cinema'
"When deadly beasts attack from the forest, it is up to a grizzled veteran to uncover what the residents of a secluded retirement community are hiding.",'World cinema'
"In a world of vampires, an expert vampire hunter and his young protégé travel toward sanctuary.",'World cinema'
"When deadly beasts attack from the forest, it is up to a grizzled veteran to uncover what the residents of a secluded retirement community are hiding.",'World cinema'
"When deadly beasts attack from the forest, it is up to a grizzled veteran to uncover what the residents of a secluded retirement community are hiding.",'World cinema'
"In a world of vampires, an expert vampire hunter and his young protégé travel toward sanctuary.",'World cinema'
sdfsdf,'Action'
dfdf,'Action'
dfdsf,'Action'
dfsf,'Action'
"Two imprisoned men bond over a number of years, finding solace and eventual redemption through acts of common decency",'Action'
"Two imprisoned men bond over a number of years, finding solace and eventual redemption through acts of common decency",'Action'
"Two imprisoned men bond over a number of years, finding solace and eventual redemption through acts of common decency",'Action'
"A criminal mastermind unleashes a twisted form of justice in Spiral, the terrifying new chapter from the book of Saw.","'World cinema', 'Black-and-white'"
"A criminal mastermind unleashes a twisted form of justice in Spiral, the terrifying new chapter from the book of Saw.","'World cinema', 'Black-and-white'"
,'Action'
"A criminal mastermind unleashes a twisted form of justice in Spiral, the terrifying new chapter from the book of Saw.","'World cinema', 'Black-and-white'"
